{"products":[{"id":"5ec11b74e69e0","title":"Fresh Foods","description":"PUT f","price":null,"category_id":null},{"id":"5ec11b8c2f14d","title":"Fresh Foods","description":"PUT f","price":"5000","category_id":null},{"id":"5ec12a0fdc4f4","title":"Mango 2 kg","description":null,"price":"80","category_id":"5ec12993ad49f"}],"product_categories":[{"id":"5ec12923b506b","title":"Fresh Foods","description":"PUT f","parent_id":null},{"id":"5ec12993ad49f","title":"Fruites","description":"PUT f","parent_id":null}]}